{"Nombre":{"0":"Ponce, Juli\u00e1 and Ar\u00e9valo","1":"Camps, Castro and Alfonso","2":"Lumbreras-Olmedo","3":"Pombo LLC","4":"Valero-Pintor","5":"Talavera, Iba\u00f1ez and Roda","6":"Armengol-Narv\u00e1ez","7":"Hervia-Vallejo","8":"Nevado PLC","9":"Roura, Borrego and Pinto"},"Latitud":{"0":39.4747417829,"1":39.4882553689,"2":39.4827723047,"3":39.4727702234,"4":39.4790856725,"5":39.4809066645,"6":39.4934579491,"7":39.4760250143,"8":39.4685682092,"9":39.480622758},"Longitud":{"0":-0.3953490919,"1":-0.3850123649,"2":-0.3430960506,"3":-0.3847572319,"4":-0.3877428792,"5":-0.3751504822,"6":-0.3554645699,"7":-0.3761661368,"8":-0.3865701479,"9":-0.3839952976},"Valoracion":{"0":2,"1":5,"2":4,"3":3,"4":2,"5":2,"6":2,"7":4,"8":5,"9":2}}